id,category,sub_category,lat,lon,geometry,cluster
53264751,commercial,commercial,12.973254699999998,77.61461659999999,POINT (77.61461659999999 12.9732547),42
53264752,commercial,commercial,12.972722300000001,77.6143913,POINT (77.61439129999999 12.9727223),42
93697573,commercial,commercial,12.932815300000001,77.6146363,POINT (77.6146363 12.9328153),35
104573380,commercial,commercial,12.9529353,77.6415305,POINT (77.6415305 12.9529353),43
105322136,commercial,commercial,12.9493493,77.6447454,POINT (77.64474540000001 12.9493493),43
115834975,commercial,commercial,12.967583099999999,77.60003499999999,POINT (77.60003499999999 12.9675831),33
119925779,commercial,commercial,12.952126699999999,77.6439307,POINT (77.6439307 12.9521267),43
119925825,commercial,commercial,12.9530101,77.6439435,POINT (77.64394350000001 12.9530101),43
119925850,commercial,commercial,12.953073,77.6432468,POINT (77.6432468 12.953073),43
122668478,commercial,commercial,12.9809242,77.7212814,POINT (77.7212814 12.9809242),47
122668481,commercial,commercial,12.9794494,77.71991750000001,POINT (77.71991750000001 12.9794494),46
124538649,commercial,commercial,12.9517457,77.69935140000001,POINT (77.69935140000001 12.9517457),28
124538656,commercial,commercial,12.9529401,77.6994062,POINT (77.6994062 12.9529401),28
124538660,commercial,commercial,12.952682699999999,77.6989775,POINT (77.6989775 12.9526827),28
124966671,commercial,commercial,12.965771499999999,77.584597,POINT (77.584597 12.9657715),18
125111013,commercial,commercial,12.924315,77.672069,POINT (77.67206899999999 12.924315),20
132516174,commercial,commercial,12.9736727,77.5780785,POINT (77.5780785 12.9736727),22
133132433,commercial,commercial,12.925181599999998,77.56481120000001,POINT (77.56481120000001 12.9251816),8
134100146,commercial,commercial,12.935590800000002,77.5177172,POINT (77.51771720000001 12.9355908),2
135262282,commercial,commercial,12.958975599999999,77.6481979,POINT (77.6481979 12.9589756),50
148065734,commercial,commercial,12.9729141,77.6155198,POINT (77.6155198 12.9729141),42
148065739,commercial,commercial,12.972832499999999,77.61127009999998,POINT (77.61127009999998 12.9728325),49
148065743,commercial,commercial,12.9727087,77.61606379999999,POINT (77.61606379999999 12.9727087),42
149418884,commercial,commercial,13.0122554,77.5561753,POINT (77.55617530000001 13.0122554),10
150212371,commercial,commercial,12.9859359,77.7367448,POINT (77.7367448 12.9859359),32
160716619,commercial,commercial,12.918829400000002,77.6700891,POINT (77.6700891 12.9188294),21
164570815,commercial,commercial,12.935907400000001,77.6285071,POINT (77.62850709999999 12.9359074),27
164570818,commercial,commercial,12.936411900000001,77.6274205,POINT (77.6274205 12.9364119),27
164570819,commercial,commercial,12.937795300000001,77.6270813,POINT (77.6270813 12.9377953),27
164603666,commercial,commercial,12.9371856,77.62735649999999,POINT (77.62735649999999 12.9371856),27
165274535,commercial,commercial,12.9344105,77.63003359999999,POINT (77.63003359999999 12.9344105),27
165274536,commercial,commercial,12.9336486,77.63013640000001,POINT (77.63013640000001 12.9336486),27
169825729,commercial,commercial,12.9750683,77.57751359999999,POINT (77.57751359999999 12.9750683),22
169827689,commercial,commercial,12.9740397,77.6098305,POINT (77.6098305 12.9740397),49
179905554,commercial,commercial,12.9531517,77.699516,POINT (77.699516 12.9531517),28
181699277,commercial,commercial,12.985755300000001,77.727235,POINT (77.72723499999999 12.9857553),32
181699286,commercial,commercial,12.985570300000001,77.7276887,POINT (77.7276887 12.9855703),32
191031651,commercial,commercial,12.974343800000002,77.5766916,POINT (77.5766916 12.9743438),22
219618389,commercial,commercial,12.9948409,77.6958131,POINT (77.6958131 12.9948409),19
219618396,commercial,commercial,12.9951782,77.6955658,POINT (77.6955658 12.9951782),19
223045576,commercial,commercial,12.952128300000002,77.7002655,POINT (77.7002655 12.9521283),28
223045579,commercial,commercial,12.948981300000002,77.69969920000001,POINT (77.69969920000001 12.9489813),28
223045586,commercial,commercial,12.9496311,77.6998031,POINT (77.6998031 12.9496311),28
223045592,commercial,commercial,12.949734699999999,77.6998292,POINT (77.6998292 12.9497347),28
223045594,commercial,commercial,12.952945,77.7004181,POINT (77.70041809999999 12.952945),28
223045596,commercial,commercial,12.9598114,77.7016128,POINT (77.70161280000001 12.9598114),37
223045599,commercial,commercial,12.9604112,77.7011397,POINT (77.7011397 12.9604112),37
223045600,commercial,commercial,12.9609386,77.701178,POINT (77.701178 12.9609386),37
223045601,commercial,commercial,12.9606065,77.70114609999999,POINT (77.70114609999999 12.9606065),37
223045602,commercial,commercial,12.9607137,77.7011619,POINT (77.7011619 12.9607137),37
223045603,commercial,commercial,12.9625864,77.7014598,POINT (77.70145979999999 12.9625864),37
223045604,commercial,commercial,12.951084800000002,77.7000589,POINT (77.7000589 12.9510848),28
223045608,commercial,commercial,12.9616466,77.7018942,POINT (77.7018942 12.9616466),37
223045610,commercial,commercial,12.961800300000002,77.7013604,POINT (77.7013604 12.9618003),37
223045611,commercial,commercial,12.961147500000001,77.70126259999999,POINT (77.70126259999999 12.9611475),37
223045612,commercial,commercial,12.9522481,77.7002937,POINT (77.7002937 12.9522481),28
223045613,commercial,commercial,12.962261999999999,77.7014425,POINT (77.7014425 12.962262),37
223045614,commercial,commercial,12.9527628,77.7003822,POINT (77.70038220000001 12.9527628),28
223045615,commercial,commercial,12.9608205,77.70115559999999,POINT (77.70115559999999 12.9608205),37
223045616,commercial,commercial,12.957575,77.7008297,POINT (77.7008297 12.957575),38
223045617,commercial,commercial,12.9592961,77.7017838,POINT (77.7017838 12.9592961),37
223045618,commercial,commercial,12.9571691,77.7016735,POINT (77.7016735 12.9571691),38
223045619,commercial,commercial,12.962089500000001,77.7013842,POINT (77.70138420000001 12.9620895),37
223045620,commercial,commercial,12.950470900000001,77.69999940000001,POINT (77.69999940000001 12.9504709),28
223045621,commercial,commercial,12.9493495,77.6997753,POINT (77.6997753 12.9493495),28
228374309,commercial,commercial,12.9577994,77.6410235,POINT (77.6410235 12.9577994),43
232976646,commercial,commercial,12.9344683,77.6943036,POINT (77.6943036 12.9344683),45
240461520,commercial,commercial,12.9940695,77.66388409999999,POINT (77.66388409999999 12.9940695),17
255778134,commercial,commercial,12.985907000000001,77.7359634,POINT (77.7359634 12.985907),32
257600768,commercial,commercial,12.987880800000001,77.5940833,POINT (77.59408329999999 12.9878808),25
259860186,commercial,commercial,12.9680398,77.64583640000001,POINT (77.64583640000001 12.9680398),39
259898508,commercial,commercial,12.9073963,77.5995746,POINT (77.5995746 12.9073963),36
286438316,commercial,commercial,12.9103724,77.5997111,POINT (77.59971109999999 12.9103724),36
288961811,commercial,commercial,12.9131011,77.58974079999999,POINT (77.58974079999999 12.9131011),36
294559984,commercial,commercial,12.917291,77.59228,POINT (77.59228 12.917291),36
296153952,commercial,commercial,12.919058300000001,77.66906170000001,POINT (77.66906170000001 12.9190583),21
296153958,commercial,commercial,12.9201139,77.6708637,POINT (77.6708637 12.9201139),21
296153959,commercial,commercial,12.919747300000001,77.6706813,POINT (77.6706813 12.9197473),21
296153960,commercial,commercial,12.919493300000001,77.67048259999999,POINT (77.67048259999999 12.9194933),21
296155190,commercial,commercial,12.9225455,77.668413,POINT (77.668413 12.9225455),21
296165699,commercial,commercial,12.971112300000001,77.61828809999999,POINT (77.61828809999999 12.9711123),42
300942861,commercial,commercial,12.9947856,77.7019642,POINT (77.70196420000001 12.9947856),19
307098047,commercial,commercial,12.9279038,77.5700148,POINT (77.5700148 12.9279038),8
307875973,commercial,commercial,12.9233155,77.6697165,POINT (77.66971650000001 12.9233155),20
309674945,commercial,commercial,12.9243049,77.6737069,POINT (77.6737069 12.9243049),20
310345242,commercial,commercial,12.924233599999999,77.6715179,POINT (77.6715179 12.9242336),20
310346912,commercial,commercial,12.924360499999999,77.6744183,POINT (77.6744183 12.9243605),20
311368899,commercial,commercial,12.9724695,77.6202907,POINT (77.6202907 12.9724695),42
313825896,commercial,commercial,12.9802015,77.63727890000001,POINT (77.63727890000001 12.9802015),40
315319361,commercial,commercial,12.863544699999998,77.66329590000001,POINT (77.66329590000001 12.8635447),13
315319362,commercial,commercial,12.861716,77.66294309999999,POINT (77.66294309999999 12.861716),13
318032593,commercial,commercial,12.9657912,77.6000002,POINT (77.6000002 12.9657912),33
318032600,commercial,commercial,12.9660378,77.59916190000001,POINT (77.59916190000001 12.9660378),33
318169413,commercial,commercial,12.9246155,77.67288990000002,POINT (77.67288990000002 12.9246155),20
318169414,commercial,commercial,12.9246259,77.6730874,POINT (77.6730874 12.9246259),20
318169415,commercial,commercial,12.9248067,77.6730913,POINT (77.6730913 12.9248067),20
318170545,commercial,commercial,12.925395199999999,77.6747386,POINT (77.6747386 12.9253952),20
319365068,commercial,commercial,12.9754174,77.60447109999998,POINT (77.60447109999998 12.9754174),48
320637261,commercial,commercial,12.9492619,77.5697747,POINT (77.5697747 12.9492619),23
320711088,commercial,commercial,12.975945800000002,77.6036962,POINT (77.6036962 12.9759458),48
323010699,commercial,commercial,12.959073199999999,77.6549804,POINT (77.6549804 12.9590732),51
323104303,commercial,commercial,12.9596474,77.6470411,POINT (77.6470411 12.9596474),50
323220375,commercial,commercial,12.9588845,77.6564759,POINT (77.6564759 12.9588845),51
323697673,commercial,commercial,12.9254187,77.62096629999999,POINT (77.62096629999999 12.9254187),29
323814303,commercial,commercial,12.975790199999999,77.60223359999999,POINT (77.60223359999999 12.9757902),48
323814307,commercial,commercial,12.975692,77.60288220000001,POINT (77.60288220000001 12.975692),48
323814308,commercial,commercial,12.9758431,77.6020156,POINT (77.6020156 12.9758431),48
325764793,commercial,commercial,12.983518,77.5938162,POINT (77.59381620000001 12.983518),25
325764795,commercial,commercial,12.9823815,77.5966887,POINT (77.5966887 12.9823815),25
325781806,commercial,commercial,12.9730239,77.6080736,POINT (77.6080736 12.9730239),49
325781809,commercial,commercial,12.9735961,77.6091761,POINT (77.6091761 12.9735961),49
325781812,commercial,commercial,12.9730952,77.6085945,POINT (77.6085945 12.9730952),49
325781818,commercial,commercial,12.9740274,77.6091186,POINT (77.6091186 12.9740274),49
327589097,commercial,commercial,12.973635699999999,77.6034532,POINT (77.6034532 12.9736357),48
330035204,commercial,commercial,12.9778648,77.6390243,POINT (77.6390243 12.9778648),40
330035876,commercial,commercial,12.9810703,77.6368714,POINT (77.6368714 12.9810703),40
330035877,commercial,commercial,12.9811456,77.637121,POINT (77.63712099999999 12.9811456),40
330035878,commercial,commercial,12.9807636,77.63702140000001,POINT (77.63702140000001 12.9807636),40
330035882,commercial,commercial,12.980648,77.6369836,POINT (77.63698359999999 12.980648),40
330035887,commercial,commercial,12.981048399999999,77.63710079999998,POINT (77.63710079999998 12.9810484),40
330035889,commercial,commercial,12.9811806,77.6369057,POINT (77.6369057 12.9811806),40
330037144,commercial,commercial,12.981218400000001,77.6336737,POINT (77.6336737 12.9812184),40
330038918,commercial,commercial,12.9794024,77.6364387,POINT (77.6364387 12.9794024),40
330038921,commercial,commercial,12.9792283,77.6366462,POINT (77.6366462 12.9792283),40
330038935,commercial,commercial,12.979674000000001,77.636493,POINT (77.636493 12.979674),40
330038936,commercial,commercial,12.979094300000002,77.6366221,POINT (77.6366221 12.9790943),40
330315685,commercial,commercial,12.981062199999998,77.6365818,POINT (77.6365818 12.9810622),40
330315687,commercial,commercial,12.9811963,77.6366248,POINT (77.63662480000001 12.9811963),40
331336175,commercial,commercial,12.9820258,77.6359798,POINT (77.6359798 12.9820258),40
331336177,commercial,commercial,12.9819368,77.6368702,POINT (77.6368702 12.9819368),40
331336251,commercial,commercial,12.9812337,77.6363704,POINT (77.6363704 12.9812337),40
331336301,commercial,commercial,12.9814226,77.63531809999999,POINT (77.63531809999999 12.9814226),40
331337664,commercial,commercial,12.980315699999998,77.63550749999999,POINT (77.63550749999999 12.9803157),40
331337668,commercial,commercial,12.9801993,77.63550009999999,POINT (77.63550009999999 12.9801993),40
331337672,commercial,commercial,12.9794392,77.63516120000001,POINT (77.63516120000001 12.9794392),40
331337697,commercial,commercial,12.979028900000001,77.6346314,POINT (77.6346314 12.9790289),40
331337703,commercial,commercial,12.9789167,77.63464590000001,POINT (77.63464590000001 12.9789167),40
331338630,commercial,commercial,12.9785114,77.6342061,POINT (77.6342061 12.9785114),40
331338661,commercial,commercial,12.9784136,77.6354661,POINT (77.6354661 12.9784136),40
331338683,commercial,commercial,12.9783976,77.63562259999999,POINT (77.63562259999999 12.9783976),40
331338692,commercial,commercial,12.978413,77.6358372,POINT (77.6358372 12.978413),40
331350925,commercial,commercial,12.9808085,77.63381319999999,POINT (77.63381319999999 12.9808085),40
331350931,commercial,commercial,12.9809225,77.63418829999999,POINT (77.63418829999999 12.9809225),40
331365005,commercial,commercial,12.9814022,77.6388364,POINT (77.6388364 12.9814022),40
331376874,commercial,commercial,12.9708696,77.6176431,POINT (77.6176431 12.9708696),42
331378224,commercial,commercial,12.972819699999999,77.61658349999999,POINT (77.61658349999999 12.9728197),42
331382696,commercial,commercial,12.9723123,77.6083079,POINT (77.6083079 12.9723123),49
331382770,commercial,commercial,12.972449099999999,77.6090191,POINT (77.6090191 12.9724491),49
331538347,commercial,commercial,12.9652911,77.5978203,POINT (77.5978203 12.9652911),33
331543152,commercial,commercial,12.966858,77.5993737,POINT (77.5993737 12.966858),33
331669751,commercial,commercial,12.9798539,77.6398562,POINT (77.6398562 12.9798539),40
331669861,commercial,commercial,12.9805183,77.63936159999999,POINT (77.63936159999999 12.9805183),40
331683279,commercial,commercial,12.9823276,77.64095909999999,POINT (77.64095909999999 12.9823276),40
332073442,commercial,commercial,12.910006,77.5997296,POINT (77.5997296 12.910006),36
332396296,commercial,commercial,12.9591537,77.65263890000001,POINT (77.65263890000001 12.9591537),50
332419020,commercial,commercial,12.9950317,77.5526663,POINT (77.5526663 12.9950317),10
332909292,commercial,commercial,13.001772,77.5695586,POINT (77.56955859999999 13.001772),10
333052404,commercial,commercial,12.9105413,77.6004387,POINT (77.6004387 12.9105413),36
333053124,commercial,commercial,12.9116176,77.6002953,POINT (77.6002953 12.9116176),36
333053270,commercial,commercial,12.911443400000001,77.6003396,POINT (77.6003396 12.9114434),36
333079680,commercial,commercial,12.941785300000001,77.58477459999999,POINT (77.58477459999999 12.9417853),23
333080068,commercial,commercial,12.942051300000001,77.5854913,POINT (77.5854913 12.9420513),23
333629216,commercial,commercial,12.910027699999999,77.5925247,POINT (77.5925247 12.9100277),36
334151142,commercial,commercial,12.9896312,77.55471750000001,POINT (77.55471750000001 12.9896312),10
338245874,commercial,commercial,12.9428666,77.58031729999999,POINT (77.58031729999999 12.9428666),23
338246187,commercial,commercial,12.942373199999999,77.58026159999999,POINT (77.58026159999999 12.9423732),23
338317467,commercial,commercial,12.9370435,77.5842603,POINT (77.5842603 12.9370435),23
341571550,commercial,commercial,12.972566,77.6207514,POINT (77.6207514 12.972566),42
342675783,commercial,commercial,12.970496,77.6422474,POINT (77.6422474 12.970496),39
342675784,commercial,commercial,12.970487400000001,77.6420902,POINT (77.6420902 12.9704874),39
342869219,commercial,commercial,12.9876147,77.69403259999999,POINT (77.69403259999999 12.9876147),19
343116068,commercial,commercial,12.9296785,77.6851922,POINT (77.6851922 12.9296785),44
343120534,commercial,commercial,12.929230699999998,77.6855083,POINT (77.6855083 12.9292307),44
343120535,commercial,commercial,12.9295241,77.68547990000002,POINT (77.68547990000002 12.9295241),44
343120536,commercial,commercial,12.929444699999998,77.68544159999999,POINT (77.68544159999999 12.9294447),44
343443071,commercial,commercial,12.914663800000001,77.6321684,POINT (77.6321684 12.9146638),29
343443073,commercial,commercial,12.9154801,77.63191640000001,POINT (77.63191640000001 12.9154801),29
343601791,commercial,commercial,12.951091400000001,77.6991766,POINT (77.6991766 12.9510914),28
343604580,commercial,commercial,12.970447300000002,77.641571,POINT (77.641571 12.9704473),39
343605251,commercial,commercial,12.9544649,77.6972668,POINT (77.69726679999999 12.9544649),28
343605803,commercial,commercial,12.9704344,77.641789,POINT (77.641789 12.9704344),39
343608524,commercial,commercial,12.9673163,77.64485440000001,POINT (77.64485440000001 12.9673163),39
343678672,commercial,commercial,12.9118293,77.6395734,POINT (77.6395734 12.9118293),29
343679790,commercial,commercial,12.9701602,77.6445792,POINT (77.6445792 12.9701602),39
343679791,commercial,commercial,12.9701452,77.6447548,POINT (77.6447548 12.9701452),39
343679792,commercial,commercial,12.970205199999999,77.64510920000001,POINT (77.64510920000001 12.9702052),39
343682038,commercial,commercial,12.9706082,77.64592990000001,POINT (77.64592990000001 12.9706082),39
343682039,commercial,commercial,12.9705663,77.6455063,POINT (77.64550629999999 12.9705663),39
343682040,commercial,commercial,12.9705431,77.645185,POINT (77.645185 12.9705431),39
343744200,commercial,commercial,12.9518912,77.70021259999999,POINT (77.70021259999999 12.9518912),28
343744201,commercial,commercial,12.9515603,77.7001361,POINT (77.70013609999999 12.9515603),28
343744202,commercial,commercial,12.9514254,77.70011109999999,POINT (77.70011109999999 12.9514254),28
343744203,commercial,commercial,12.9512303,77.70006240000001,POINT (77.70006240000001 12.9512303),28
343744204,commercial,commercial,12.9507454,77.6999633,POINT (77.69996329999999 12.9507454),28
343744205,commercial,commercial,12.9508496,77.7000441,POINT (77.7000441 12.9508496),28
343744206,commercial,commercial,12.950882,77.7002064,POINT (77.7002064 12.950882),28
343744207,commercial,commercial,12.9507342,77.7002595,POINT (77.7002595 12.9507342),28
343747366,commercial,commercial,12.9514751,77.7021386,POINT (77.7021386 12.9514751),28
343747367,commercial,commercial,12.951405099999999,77.702463,POINT (77.70246299999999 12.9514051),28
343747368,commercial,commercial,12.951030099999999,77.7024823,POINT (77.7024823 12.9510301),28
343749272,commercial,commercial,12.952589699999999,77.7003459,POINT (77.7003459 12.9525897),28
344262449,commercial,commercial,12.9342396,77.61521540000001,POINT (77.61521540000001 12.9342396),35
345699780,commercial,commercial,13.0161567,77.6599473,POINT (77.6599473 13.0161567),15
345840523,commercial,commercial,12.969323199999998,77.6704572,POINT (77.6704572 12.9693232),17
345892450,commercial,commercial,12.9631282,77.5891896,POINT (77.5891896 12.9631282),18
345935772,commercial,commercial,13.0001618,77.5503768,POINT (77.5503768 13.0001618),10
345966017,commercial,commercial,12.978995800000002,77.6757882,POINT (77.6757882 12.9789958),17
346154434,commercial,commercial,12.9655248,77.6036575,POINT (77.6036575 12.9655248),33
346221214,commercial,commercial,13.018045599999999,77.64290809999999,POINT (77.64290809999999 13.0180456),15
346238920,commercial,commercial,12.9978299,77.5493107,POINT (77.54931070000001 12.9978299),10
346453590,commercial,commercial,12.9725248,77.64065500000001,POINT (77.64065500000001 12.9725248),39
346483580,commercial,commercial,13.01636,77.64737020000001,POINT (77.64737020000001 13.01636),15
346486162,commercial,commercial,12.9702524,77.64736020000001,POINT (77.64736020000001 12.9702524),39
346501410,commercial,commercial,12.9842231,77.5860881,POINT (77.5860881 12.9842231),22
346534878,commercial,commercial,12.957800099999998,77.700855,POINT (77.700855 12.9578001),38
346534887,commercial,commercial,12.9571538,77.70082629999999,POINT (77.70082629999999 12.9571538),38
346534935,commercial,commercial,12.9572195,77.7001125,POINT (77.7001125 12.9572195),38
346534943,commercial,commercial,12.9580484,77.7008781,POINT (77.7008781 12.9580484),38
346535192,commercial,commercial,12.9573505,77.700885,POINT (77.700885 12.9573505),38
346535693,commercial,commercial,12.9573629,77.7007382,POINT (77.7007382 12.9573629),38
346537839,commercial,commercial,12.9688387,77.6489071,POINT (77.6489071 12.9688387),39
346723148,commercial,commercial,13.0185524,77.653541,POINT (77.653541 13.0185524),15
346752632,commercial,commercial,12.9727753,77.6168048,POINT (77.6168048 12.9727753),42
346775300,commercial,commercial,12.9850987,77.6631173,POINT (77.6631173 12.9850987),17
346777647,commercial,commercial,12.9457715,77.6292376,POINT (77.6292376 12.9457715),27
347039654,commercial,commercial,12.9239635,77.6389056,POINT (77.6389056 12.9239635),27
347064540,commercial,commercial,12.9364492,77.5818564,POINT (77.58185640000001 12.9364492),23
347145204,commercial,commercial,12.9744482,77.5787221,POINT (77.57872209999999 12.9744482),22
347147331,commercial,commercial,12.896943400000001,77.5588934,POINT (77.5588934 12.8969434),5
347182874,commercial,commercial,12.9495248,77.5721015,POINT (77.5721015 12.9495248),23
347187591,commercial,commercial,12.9340714,77.6099808,POINT (77.6099808 12.9340714),35
347188295,commercial,commercial,12.9341935,77.61285840000001,POINT (77.61285840000001 12.9341935),35
347237129,commercial,commercial,12.9343406,77.62940309999999,POINT (77.62940309999999 12.9343406),27
347420022,commercial,commercial,12.8765392,77.6127309,POINT (77.6127309 12.8765392),3
347474401,commercial,commercial,12.9294292,77.6326606,POINT (77.63266059999999 12.9294292),27
347474609,commercial,commercial,13.009205,77.65649590000001,POINT (77.65649590000001 13.009205),15
347501397,commercial,commercial,13.0101679,77.6564322,POINT (77.6564322 13.0101679),15
347534028,commercial,commercial,12.9525002,77.5774222,POINT (77.5774222 12.9525002),23
347542619,commercial,commercial,13.0104469,77.65830109999999,POINT (77.65830109999999 13.0104469),15
347569959,commercial,commercial,12.9123451,77.6483197,POINT (77.6483197 12.9123451),29
347858127,commercial,commercial,12.951749000000001,77.7001307,POINT (77.7001307 12.951749),28
347948464,commercial,commercial,12.9498773,77.69901690000002,POINT (77.69901690000002 12.9498773),28
347958438,commercial,commercial,12.951580900000002,77.6993082,POINT (77.6993082 12.9515809),28
347958439,commercial,commercial,12.951277900000001,77.69920440000001,POINT (77.69920440000001 12.9512779),28
348083934,commercial,commercial,12.916360300000001,77.604733,POINT (77.604733 12.9163603),36
348147254,commercial,commercial,12.9322758,77.51560740000001,POINT (77.51560740000001 12.9322758),2
348154319,commercial,commercial,12.9210079,77.5878684,POINT (77.5878684 12.9210079),36
348198550,commercial,commercial,12.928612,77.5660807,POINT (77.5660807 12.928612),8
348247891,commercial,commercial,12.9368011,77.5176874,POINT (77.5176874 12.9368011),2
348322550,commercial,commercial,12.9059525,77.5937318,POINT (77.5937318 12.9059525),36
348497912,commercial,commercial,12.9394538,77.57827569999999,POINT (77.57827569999999 12.9394538),23
348599125,commercial,commercial,13.003981800000002,77.5505434,POINT (77.5505434 13.0039818),10
348599490,commercial,commercial,12.9992882,77.54962859999999,POINT (77.54962859999999 12.9992882),10
348599839,commercial,commercial,12.9720485,77.607849,POINT (77.607849 12.9720485),49
348599876,commercial,commercial,13.003989,77.5534928,POINT (77.5534928 13.003989),10
349045836,commercial,commercial,12.9706511,77.6464495,POINT (77.6464495 12.9706511),39
349045949,commercial,commercial,12.9702147,77.6462087,POINT (77.6462087 12.9702147),39
349406864,commercial,commercial,12.959809800000002,77.6566681,POINT (77.6566681 12.9598098),51
349698860,commercial,commercial,12.9724473,77.6176367,POINT (77.61763670000001 12.9724473),42
349698918,commercial,commercial,12.9714844,77.6178771,POINT (77.6178771 12.9714844),42
349698976,commercial,commercial,12.9722251,77.6186175,POINT (77.6186175 12.9722251),42
349807546,commercial,commercial,12.9788216,77.6346028,POINT (77.6346028 12.9788216),40
350006676,commercial,commercial,12.927777699999998,77.5559526,POINT (77.5559526 12.9277777),8
350554778,commercial,commercial,12.9728559,77.6147441,POINT (77.6147441 12.9728559),42
351060167,commercial,commercial,12.987738199999999,77.7103342,POINT (77.71033420000001 12.9877382),19
352209507,commercial,commercial,12.8824524,77.6024627,POINT (77.6024627 12.8824524),3
354037966,commercial,commercial,12.9259361,77.6820181,POINT (77.68201809999999 12.9259361),34
354223326,commercial,commercial,12.982595199999999,77.737679,POINT (77.737679 12.9825952),32
365048648,commercial,commercial,12.891555199999999,77.64139920000001,POINT (77.64139920000001 12.8915552),14
366253631,commercial,commercial,12.9388774,77.60955390000001,POINT (77.60955390000001 12.9388774),35
368722866,commercial,commercial,12.9780685,77.64173000000001,POINT (77.64173000000001 12.9780685),40
368769041,commercial,commercial,12.9839655,77.6389095,POINT (77.6389095 12.9839655),40
370527590,commercial,commercial,13.0994416,77.5972342,POINT (77.5972342 13.0994416),0
372061853,commercial,commercial,12.9809123,77.5918314,POINT (77.5918314 12.9809123),25
372502404,commercial,commercial,12.9758927,77.6026494,POINT (77.6026494 12.9758927),48
372503377,commercial,commercial,12.976111900000001,77.6026366,POINT (77.6026366 12.9761119),48
372503632,commercial,commercial,12.9760954,77.60298929999999,POINT (77.60298929999999 12.9760954),48
372785868,commercial,commercial,12.8588983,77.65590290000002,POINT (77.65590290000002 12.8588983),13
374438785,commercial,commercial,12.9301213,77.6838642,POINT (77.6838642 12.9301213),44
374722494,commercial,commercial,12.959406,77.6470022,POINT (77.6470022 12.959406),50
375202293,commercial,commercial,12.9743733,77.61468,POINT (77.61468000000001 12.9743733),42
375202471,commercial,commercial,12.974927300000001,77.61493320000001,POINT (77.61493320000001 12.9749273),42
375366646,commercial,commercial,12.9329211,77.61404809999999,POINT (77.61404809999999 12.9329211),35
375495427,commercial,commercial,12.9713742,77.6182119,POINT (77.61821190000001 12.9713742),42
376624471,commercial,commercial,12.9733978,77.5783509,POINT (77.5783509 12.9733978),22
376625119,commercial,commercial,12.9735651,77.5788749,POINT (77.5788749 12.9735651),22
377088263,commercial,commercial,12.959679,77.6560171,POINT (77.6560171 12.959679),51
377171222,commercial,commercial,12.9660155,77.59561009999999,POINT (77.59561009999999 12.9660155),33
377182714,commercial,commercial,12.9367971,77.69219009999999,POINT (77.69219009999999 12.9367971),45
377247413,commercial,commercial,12.9716895,77.61914159999999,POINT (77.61914159999999 12.9716895),42
377325102,commercial,commercial,12.9373371,77.69275340000002,POINT (77.69275340000002 12.9373371),45
378105245,commercial,commercial,12.9726263,77.60794809999999,POINT (77.60794809999999 12.9726263),49
378507978,commercial,commercial,12.9742423,77.6084276,POINT (77.6084276 12.9742423),49
378507979,commercial,commercial,12.9743764,77.6084355,POINT (77.6084355 12.9743764),49
380093977,commercial,commercial,12.969087599999998,77.648945,POINT (77.648945 12.9690876),39
380373740,commercial,commercial,12.9798708,77.64033640000001,POINT (77.64033640000001 12.9798708),40
381171221,commercial,commercial,12.9438506,77.6958397,POINT (77.69583969999999 12.9438506),41
381958521,commercial,commercial,12.969051400000001,77.6453763,POINT (77.6453763 12.9690514),39
383055096,commercial,commercial,12.964677,77.5965708,POINT (77.59657079999999 12.964677),33
383056059,commercial,commercial,12.965107699999999,77.5957052,POINT (77.5957052 12.9651077),33
383056060,commercial,commercial,12.9652704,77.595621,POINT (77.59562099999999 12.9652704),33
383057933,commercial,commercial,12.971000199999999,77.60557179999999,POINT (77.60557179999999 12.9710002),49
383057934,commercial,commercial,12.9710903,77.6058346,POINT (77.60583459999999 12.9710903),49
383057935,commercial,commercial,12.9712601,77.6058189,POINT (77.6058189 12.9712601),49
383057936,commercial,commercial,12.9712687,77.6059322,POINT (77.6059322 12.9712687),49
383057937,commercial,commercial,12.970638099999999,77.6055207,POINT (77.6055207 12.9706381),49
383645142,commercial,commercial,12.9270701,77.68273070000001,POINT (77.68273070000001 12.9270701),34
383645143,commercial,commercial,12.926386099999998,77.68283520000001,POINT (77.68283520000001 12.9263861),34
383645144,commercial,commercial,12.925644300000002,77.6829147,POINT (77.6829147 12.9256443),34
387074241,commercial,commercial,12.9660121,77.6035546,POINT (77.6035546 12.9660121),33
387075663,commercial,commercial,12.9663499,77.6053563,POINT (77.6053563 12.9663499),33
387076901,commercial,commercial,12.9652007,77.6049585,POINT (77.6049585 12.9652007),33
387288572,commercial,commercial,13.0153399,77.66615159999999,POINT (77.66615159999999 13.0153399),15
387473151,commercial,commercial,12.879725,77.6465053,POINT (77.6465053 12.879725),14
388179061,commercial,commercial,12.947982099999999,77.57919179999999,POINT (77.57919179999999 12.9479821),23
388647615,commercial,commercial,12.865041999999999,77.6513198,POINT (77.6513198 12.865042),13
388647616,commercial,commercial,12.8648812,77.65124920000001,POINT (77.65124920000001 12.8648812),13
396517936,commercial,commercial,12.9590083,77.65634140000002,POINT (77.65634140000002 12.9590083),51
396517940,commercial,commercial,12.9584031,77.6563406,POINT (77.65634059999999 12.9584031),51
396517949,commercial,commercial,12.959142800000002,77.6556363,POINT (77.6556363 12.9591428),51
396518065,commercial,commercial,12.959159199999998,77.65545959999999,POINT (77.65545959999999 12.9591592),51
396518066,commercial,commercial,12.9590419,77.6554509,POINT (77.65545090000001 12.9590419),51
397910843,commercial,commercial,13.056716999999999,77.62961999999999,POINT (77.62961999999999 13.056717),1
398078186,commercial,commercial,13.0147325,77.5684677,POINT (77.5684677 13.0147325),10
406722976,commercial,commercial,12.9360427,77.5844176,POINT (77.58441759999999 12.9360427),23
419768709,commercial,commercial,12.9169716,77.5960238,POINT (77.5960238 12.9169716),36
422658589,commercial,commercial,12.975557,77.6359968,POINT (77.6359968 12.975557),40
422658670,commercial,commercial,12.975829300000001,77.63608559999999,POINT (77.63608559999999 12.9758293),40
425706511,commercial,commercial,12.9918926,77.6682336,POINT (77.66823359999999 12.9918926),17
431537864,commercial,commercial,12.9364966,77.6909778,POINT (77.6909778 12.9364966),45
431552270,commercial,commercial,12.9652727,77.6015984,POINT (77.6015984 12.9652727),33
440386391,commercial,commercial,12.9669425,77.5986559,POINT (77.5986559 12.9669425),33
440497952,commercial,commercial,12.9989353,77.5490209,POINT (77.5490209 12.9989353),10
441411156,commercial,commercial,12.9932197,77.5546916,POINT (77.5546916 12.9932197),10
447256109,commercial,commercial,12.9225239,77.6819679,POINT (77.6819679 12.9225239),34
447285337,commercial,commercial,12.923740800000001,77.6821503,POINT (77.6821503 12.9237408),34
447530426,commercial,commercial,12.923750199999999,77.6812882,POINT (77.6812882 12.9237502),34
462494800,commercial,commercial,12.9829424,77.7384052,POINT (77.7384052 12.9829424),32
471509160,commercial,commercial,12.9563025,77.6410723,POINT (77.6410723 12.9563025),43
490156675,commercial,commercial,12.9839405,77.73825490000002,POINT (77.73825490000002 12.9839405),32
491335679,commercial,commercial,13.0511373,77.62025890000001,POINT (77.62025890000001 13.0511373),1
491356929,commercial,commercial,13.004093300000001,77.5623396,POINT (77.5623396 13.0040933),10
508839564,commercial,commercial,12.9922521,77.6607594,POINT (77.6607594 12.9922521),17
511015041,commercial,commercial,12.9809795,77.63995140000002,POINT (77.63995140000002 12.9809795),40
525507166,commercial,commercial,13.0080246,77.6587491,POINT (77.65874909999999 13.0080246),15
525507453,commercial,commercial,12.923758300000001,77.5528988,POINT (77.55289879999999 12.9237583),8
525512631,commercial,commercial,13.0172487,77.64331340000001,POINT (77.64331340000001 13.0172487),15
536911311,commercial,commercial,12.9210466,77.68329090000002,POINT (77.68329090000002 12.9210466),34
544849413,commercial,commercial,12.986296300000001,77.7270417,POINT (77.7270417 12.9862963),32
548963962,commercial,commercial,12.943421,77.54250920000001,POINT (77.54250920000001 12.943421),8
549133464,commercial,commercial,12.935626199999998,77.54802609999999,POINT (77.54802609999999 12.9356262),8
550861926,commercial,commercial,13.0533985,77.5750302,POINT (77.5750302 13.0533985),1
577663645,commercial,commercial,12.912325300000001,77.6004933,POINT (77.6004933 12.9123253),36
577663672,commercial,commercial,12.935530499999999,77.6097648,POINT (77.60976479999999 12.9355305),35
603182357,commercial,commercial,12.9087532,77.6839437,POINT (77.6839437 12.9087532),26
603182358,commercial,commercial,12.9085604,77.6838942,POINT (77.6838942 12.9085604),26
609531877,commercial,commercial,12.9118279,77.64037440000001,POINT (77.64037440000001 12.9118279),29
609531878,commercial,commercial,12.9118345,77.6397347,POINT (77.63973470000001 12.9118345),29
609531879,commercial,commercial,12.9118384,77.6398808,POINT (77.6398808 12.9118384),29
609531880,commercial,commercial,12.9118698,77.63831309999999,POINT (77.63831309999999 12.9118698),29
609531881,commercial,commercial,12.9118502,77.6387395,POINT (77.6387395 12.9118502),29
609531882,commercial,commercial,12.9116227,77.638301,POINT (77.638301 12.9116227),29
609639123,commercial,commercial,12.9117013,77.6817098,POINT (77.68170979999999 12.9117013),30
609639124,commercial,commercial,12.9116225,77.6818818,POINT (77.6818818 12.9116225),30
609639125,commercial,commercial,12.9120663,77.68263990000001,POINT (77.68263990000001 12.9120663),30
609639126,commercial,commercial,12.9120147,77.68235279999999,POINT (77.68235279999999 12.9120147),30
609642211,commercial,commercial,12.912531,77.63829659999999,POINT (77.63829659999999 12.912531),29
609881597,commercial,commercial,12.9084647,77.6835765,POINT (77.6835765 12.9084647),26
609903149,commercial,commercial,12.9121459,77.6809765,POINT (77.6809765 12.9121459),30
609903150,commercial,commercial,12.912246699999999,77.6808197,POINT (77.6808197 12.9122467),30
609903151,commercial,commercial,12.9124686,77.68047179999999,POINT (77.68047179999999 12.9124686),30
609903152,commercial,commercial,12.9123698,77.6806894,POINT (77.68068940000001 12.9123698),30
609903154,commercial,commercial,12.9126715,77.67977629999999,POINT (77.67977629999999 12.9126715),30
609903155,commercial,commercial,12.9108647,77.68381070000001,POINT (77.68381070000001 12.9108647),30
609903156,commercial,commercial,12.9109598,77.68358570000001,POINT (77.68358570000001 12.9109598),30
609903159,commercial,commercial,12.912216599999999,77.681896,POINT (77.68189599999999 12.9122166),30
609903160,commercial,commercial,12.9124978,77.6813564,POINT (77.6813564 12.9124978),30
609903161,commercial,commercial,12.9126604,77.6811108,POINT (77.6811108 12.9126604),30
609903162,commercial,commercial,12.9125702,77.6812077,POINT (77.6812077 12.9125702),30
609903163,commercial,commercial,12.9122912,77.68181209999999,POINT (77.68181209999999 12.9122912),30
609903164,commercial,commercial,12.9121277,77.681983,POINT (77.681983 12.9121277),30
609903165,commercial,commercial,12.9121122,77.6821712,POINT (77.6821712 12.9121122),30
609903169,commercial,commercial,12.9117245,77.68280190000002,POINT (77.68280190000002 12.9117245),30
609913517,commercial,commercial,12.9145481,77.6773723,POINT (77.6773723 12.9145481),30
609974342,commercial,commercial,12.9080694,77.68345649999999,POINT (77.68345649999999 12.9080694),26
609974344,commercial,commercial,12.906557000000001,77.6836268,POINT (77.6836268 12.906557),26
609974345,commercial,commercial,12.9067981,77.68373740000001,POINT (77.68373740000001 12.9067981),26
609974346,commercial,commercial,12.906920300000001,77.6836181,POINT (77.6836181 12.9069203),26
609974347,commercial,commercial,12.907054400000002,77.68357929999999,POINT (77.68357929999999 12.9070544),26
609974350,commercial,commercial,12.9074799,77.68338879999999,POINT (77.68338879999999 12.9074799),26
609974352,commercial,commercial,12.905863400000001,77.6840641,POINT (77.6840641 12.9058634),26
609974353,commercial,commercial,12.905094199999999,77.6844059,POINT (77.6844059 12.9050942),26
609974359,commercial,commercial,12.904916400000001,77.68442209999999,POINT (77.68442209999999 12.9049164),26
609974361,commercial,commercial,12.9047935,77.6844194,POINT (77.6844194 12.9047935),26
610122221,commercial,commercial,12.918637400000001,77.67080290000001,POINT (77.67080290000001 12.9186374),21
610124887,commercial,commercial,12.9202067,77.6670934,POINT (77.6670934 12.9202067),21
610126417,commercial,commercial,12.9197249,77.6677042,POINT (77.6677042 12.9197249),21
610126418,commercial,commercial,12.919859599999999,77.6675592,POINT (77.6675592 12.9198596),21
610128865,commercial,commercial,12.9192907,77.66868570000001,POINT (77.66868570000001 12.9192907),21
610128866,commercial,commercial,12.9194273,77.6685321,POINT (77.66853209999999 12.9194273),21
610128868,commercial,commercial,12.919305699999999,77.6684718,POINT (77.66847180000001 12.9193057),21
610165997,commercial,commercial,12.923979300000001,77.64014559999998,POINT (77.64014559999998 12.9239793),27
610165998,commercial,commercial,12.9241288,77.6400727,POINT (77.6400727 12.9241288),27
610165999,commercial,commercial,12.924157600000001,77.6399761,POINT (77.6399761 12.9241576),27
610422887,commercial,commercial,12.9131799,77.6798893,POINT (77.6798893 12.9131799),30
610422889,commercial,commercial,12.913133199999999,77.6800339,POINT (77.6800339 12.9131332),30
610422891,commercial,commercial,12.9130815,77.6801677,POINT (77.6801677 12.9130815),30
610422892,commercial,commercial,12.9130423,77.68029770000001,POINT (77.68029770000001 12.9130423),30
610422894,commercial,commercial,12.912942300000001,77.6804385,POINT (77.68043849999999 12.9129423),30
610471334,commercial,commercial,12.918069000000001,77.67157409999999,POINT (77.67157409999999 12.918069),21
611516373,commercial,commercial,12.9130877,77.6793398,POINT (77.67933979999999 12.9130877),30
613834097,commercial,commercial,12.9129326,77.6795933,POINT (77.67959329999999 12.9129326),30
613834098,commercial,commercial,12.9133245,77.6788248,POINT (77.6788248 12.9133245),30
613834099,commercial,commercial,12.913234300000001,77.6789878,POINT (77.6789878 12.9132343),30
613834100,commercial,commercial,12.9134075,77.67869809999999,POINT (77.67869809999999 12.9134075),30
613834101,commercial,commercial,12.913870900000001,77.67838559999998,POINT (77.67838559999998 12.9138709),30
614485322,commercial,commercial,12.963635400000001,77.71131329999999,POINT (77.71131329999999 12.9636354),24
614485323,commercial,commercial,12.963719699999999,77.71186170000001,POINT (77.71186170000001 12.9637197),24
614485324,commercial,commercial,12.963766099999999,77.712126,POINT (77.712126 12.9637661),24
614485325,commercial,commercial,12.9638159,77.7124037,POINT (77.7124037 12.9638159),24
614485326,commercial,commercial,12.9637909,77.7122658,POINT (77.7122658 12.9637909),24
614485327,commercial,commercial,12.9638662,77.71268509999999,POINT (77.71268509999999 12.9638662),24
614485328,commercial,commercial,12.9638412,77.7125411,POINT (77.7125411 12.9638412),24
614485330,commercial,commercial,12.9628971,77.7131592,POINT (77.71315920000001 12.9628971),24
614485332,commercial,commercial,12.962593199999999,77.71319079999999,POINT (77.71319079999999 12.9625932),24
614485333,commercial,commercial,12.9624769,77.7132109,POINT (77.71321090000001 12.9624769),24
614485334,commercial,commercial,12.962252699999999,77.71325379999999,POINT (77.71325379999999 12.9622527),24
614485335,commercial,commercial,12.9621403,77.7132732,POINT (77.7132732 12.9621403),24
614485336,commercial,commercial,12.9620299,77.7132934,POINT (77.7132934 12.9620299),24
616079614,commercial,commercial,12.8860281,77.5565605,POINT (77.5565605 12.8860281),5
616087675,commercial,commercial,12.883856,77.5512541,POINT (77.55125409999999 12.883856),5
616087676,commercial,commercial,12.8859855,77.55604079999999,POINT (77.55604079999999 12.8859855),5
616087678,commercial,commercial,12.8857335,77.5552783,POINT (77.5552783 12.8857335),5
616087679,commercial,commercial,12.8859906,77.555902,POINT (77.555902 12.8859906),5
616113591,commercial,commercial,12.992538099999999,77.5385501,POINT (77.53855009999999 12.9925381),10
617758558,commercial,commercial,13.051625900000001,77.5953995,POINT (77.5953995 13.0516259),1
631580851,commercial,commercial,12.948529800000001,77.6986847,POINT (77.6986847 12.9485298),28
631580853,commercial,commercial,12.9486657,77.69830920000001,POINT (77.69830920000001 12.9486657),28
635487458,commercial,commercial,13.067182,77.5860556,POINT (77.58605559999999 13.067182),0
639378213,commercial,commercial,12.9207859,77.6809272,POINT (77.6809272 12.9207859),34
639378214,commercial,commercial,12.922220199999998,77.6836115,POINT (77.6836115 12.9222202),34
639378215,commercial,commercial,12.922145800000001,77.6848305,POINT (77.6848305 12.9221458),34
643696404,commercial,commercial,12.9205455,77.6844103,POINT (77.6844103 12.9205455),34
648492115,commercial,commercial,12.9674175,77.7146998,POINT (77.71469980000001 12.9674175),24
648492116,commercial,commercial,12.967315,77.7146945,POINT (77.71469449999999 12.967315),24
668040794,commercial,commercial,12.995012,77.7009089,POINT (77.7009089 12.995012),19
672003449,commercial,commercial,12.929046699999999,77.5141277,POINT (77.5141277 12.9290467),2
672510192,commercial,commercial,12.933992199999999,77.6910078,POINT (77.69100779999999 12.9339922),44
672510453,commercial,commercial,12.9343046,77.6930311,POINT (77.6930311 12.9343046),45
673948786,commercial,commercial,12.9344977,77.61341479999999,POINT (77.61341479999999 12.9344977),35
687379856,commercial,commercial,12.9737655,77.63568640000001,POINT (77.63568640000001 12.9737655),40
690850176,commercial,commercial,12.9765475,77.6366052,POINT (77.63660520000001 12.9765475),40
705675998,commercial,commercial,13.098421400000001,77.5742608,POINT (77.5742608 13.0984214),0
716409278,commercial,commercial,12.9294574,77.68948259999999,POINT (77.68948259999999 12.9294574),44
716559474,commercial,commercial,12.9315116,77.6880603,POINT (77.6880603 12.9315116),44
726115961,commercial,commercial,13.0759101,77.50016190000001,POINT (77.50016190000001 13.0759101),4
726116629,commercial,commercial,13.0757411,77.5005719,POINT (77.5005719 13.0757411),4
726117022,commercial,commercial,13.074520699999999,77.50214240000001,POINT (77.50214240000001 13.0745207),4
726117874,commercial,commercial,13.073656100000001,77.5025463,POINT (77.50254630000001 13.0736561),4
726118225,commercial,commercial,13.0734216,77.5027171,POINT (77.5027171 13.0734216),4
726119690,commercial,commercial,13.073159500000001,77.5028711,POINT (77.50287109999999 13.0731595),4
726120798,commercial,commercial,13.074451400000001,77.504104,POINT (77.504104 13.0744514),4
726121392,commercial,commercial,13.073875099999999,77.5049954,POINT (77.5049954 13.0738751),4
726121622,commercial,commercial,13.074130499999999,77.505111,POINT (77.505111 13.0741305),4
726122524,commercial,commercial,13.0716465,77.5038748,POINT (77.50387480000001 13.0716465),4
726123173,commercial,commercial,13.06682,77.50352609999999,POINT (77.50352609999999 13.06682),6
726123298,commercial,commercial,13.066839300000002,77.5030612,POINT (77.5030612 13.0668393),6
726125242,commercial,commercial,13.0666576,77.5027915,POINT (77.5027915 13.0666576),6
726151858,commercial,commercial,13.0669439,77.50254759999999,POINT (77.50254759999999 13.0669439),6
726152064,commercial,commercial,13.0667985,77.50203859999999,POINT (77.50203859999999 13.0667985),6
726152883,commercial,commercial,13.067033300000002,77.5021465,POINT (77.50214649999999 13.0670333),6
726153408,commercial,commercial,13.0671205,77.50173170000001,POINT (77.50173170000001 13.0671205),6
726153712,commercial,commercial,13.0669715,77.50139,POINT (77.50139 13.0669715),6
726154067,commercial,commercial,13.0668909,77.50125159999999,POINT (77.50125159999999 13.0668909),6
726154449,commercial,commercial,13.067043,77.5010356,POINT (77.50103559999999 13.067043),6
726154962,commercial,commercial,13.0673992,77.50049969999999,POINT (77.50049969999999 13.0673992),6
726158201,commercial,commercial,13.0660754,77.5040978,POINT (77.5040978 13.0660754),6
726158513,commercial,commercial,13.065368699999999,77.5044392,POINT (77.50443919999999 13.0653687),6
726159879,commercial,commercial,13.0647162,77.5051938,POINT (77.5051938 13.0647162),7
726160953,commercial,commercial,13.0634061,77.50573299999999,POINT (77.50573299999999 13.0634061),7
726162525,commercial,commercial,13.063145500000001,77.50530040000001,POINT (77.50530040000001 13.0631455),7
726168295,commercial,commercial,13.063010199999999,77.5054531,POINT (77.5054531 13.0630102),7
726169947,commercial,commercial,13.0624387,77.5054792,POINT (77.5054792 13.0624387),7
726170362,commercial,commercial,13.062211300000001,77.5059329,POINT (77.5059329 13.0622113),7
726170715,commercial,commercial,13.062094199999999,77.5060445,POINT (77.5060445 13.0620942),7
726171065,commercial,commercial,13.0618459,77.5064637,POINT (77.5064637 13.0618459),7
726171170,commercial,commercial,13.061606,77.5060168,POINT (77.5060168 13.061606),7
726171342,commercial,commercial,13.0612013,77.5071267,POINT (77.5071267 13.0612013),7
726172529,commercial,commercial,13.060782199999998,77.5060005,POINT (77.5060005 13.0607822),7
726173411,commercial,commercial,13.060207499999999,77.5060107,POINT (77.5060107 13.0602075),7
726174388,commercial,commercial,13.059066099999999,77.5076978,POINT (77.5076978 13.0590661),9
726175126,commercial,commercial,13.058659,77.5071871,POINT (77.5071871 13.058659),9
726175245,commercial,commercial,13.0588898,77.50816409999999,POINT (77.50816409999999 13.0588898),9
726175687,commercial,commercial,13.058746000000001,77.50833420000001,POINT (77.50833420000001 13.058746),9
726175972,commercial,commercial,13.058542999999998,77.5082819,POINT (77.5082819 13.058543),9
726178324,commercial,commercial,13.058570199999998,77.5084425,POINT (77.5084425 13.0585702),9
726180116,commercial,commercial,13.058496400000001,77.50796629999999,POINT (77.50796629999999 13.0584964),9
726181261,commercial,commercial,13.058336500000001,77.50727109999998,POINT (77.50727109999998 13.0583365),9
726181610,commercial,commercial,13.058587300000001,77.5066597,POINT (77.5066597 13.0585873),9
726182207,commercial,commercial,13.0587036,77.5066521,POINT (77.5066521 13.0587036),9
726182884,commercial,commercial,13.0585181,77.5066643,POINT (77.5066643 13.0585181),9
726183246,commercial,commercial,13.0583983,77.5066654,POINT (77.5066654 13.0583983),9
726184184,commercial,commercial,13.0578102,77.507478,POINT (77.50747800000001 13.0578102),9
726184388,commercial,commercial,13.0576348,77.5072661,POINT (77.5072661 13.0576348),9
726187687,commercial,commercial,13.0574982,77.5072721,POINT (77.50727209999999 13.0574982),9
726188273,commercial,commercial,13.057394,77.5073007,POINT (77.5073007 13.057394),9
726188628,commercial,commercial,13.0573261,77.5073013,POINT (77.50730129999999 13.0573261),9
726189230,commercial,commercial,13.056586900000001,77.5075944,POINT (77.5075944 13.0565869),9
726189737,commercial,commercial,13.0566776,77.5071766,POINT (77.50717659999999 13.0566776),9
726190324,commercial,commercial,13.05688,77.5076188,POINT (77.5076188 13.05688),9
726191999,commercial,commercial,13.055713800000001,77.5071397,POINT (77.5071397 13.0557138),9
726192881,commercial,commercial,13.055366900000001,77.5072048,POINT (77.5072048 13.0553669),11
726193283,commercial,commercial,13.0548077,77.5078291,POINT (77.5078291 13.0548077),11
726193714,commercial,commercial,13.0546228,77.5079209,POINT (77.5079209 13.0546228),11
726193961,commercial,commercial,13.0549383,77.5078151,POINT (77.5078151 13.0549383),11
726194526,commercial,commercial,13.0547077,77.5072651,POINT (77.5072651 13.0547077),11
726194799,commercial,commercial,13.0546417,77.5069728,POINT (77.5069728 13.0546417),11
726195185,commercial,commercial,13.054896699999999,77.5066001,POINT (77.5066001 13.0548967),11
726196143,commercial,commercial,13.0543714,77.5074161,POINT (77.5074161 13.0543714),11
726196903,commercial,commercial,13.0540453,77.5074759,POINT (77.5074759 13.0540453),11
726197477,commercial,commercial,13.0538828,77.50794880000001,POINT (77.50794880000001 13.0538828),11
726202177,commercial,commercial,13.0531103,77.5076198,POINT (77.5076198 13.0531103),12
726202316,commercial,commercial,13.0528857,77.5075863,POINT (77.5075863 13.0528857),12
726202752,commercial,commercial,13.0523147,77.5073985,POINT (77.50739849999999 13.0523147),12
726203085,commercial,commercial,13.0524265,77.5076698,POINT (77.5076698 13.0524265),12
726203476,commercial,commercial,13.052610099999999,77.5077345,POINT (77.5077345 13.0526101),12
726203694,commercial,commercial,13.051698199999999,77.5079866,POINT (77.5079866 13.0516982),12
726204565,commercial,commercial,13.0515843,77.5077115,POINT (77.5077115 13.0515843),12
726204797,commercial,commercial,13.0514241,77.507746,POINT (77.507746 13.0514241),12
726205011,commercial,commercial,13.0512552,77.5077199,POINT (77.5077199 13.0512552),12
726205380,commercial,commercial,13.0513478,77.5080698,POINT (77.5080698 13.0513478),12
726205523,commercial,commercial,13.0509719,77.50761429999999,POINT (77.50761429999999 13.0509719),12
726206233,commercial,commercial,13.0507806,77.5076184,POINT (77.5076184 13.0507806),12
726206644,commercial,commercial,13.050616,77.5075446,POINT (77.5075446 13.050616),12
726216037,commercial,commercial,13.0504971,77.5075446,POINT (77.5075446 13.0504971),12
726221681,commercial,commercial,13.050347,77.5075862,POINT (77.50758620000001 13.050347),12
726229707,commercial,commercial,13.0501782,77.5078845,POINT (77.5078845 13.0501782),12
726239856,commercial,commercial,13.050138699999998,77.5075868,POINT (77.5075868 13.0501387),12
726247356,commercial,commercial,13.049972300000002,77.50744449999999,POINT (77.50744449999999 13.0499723),12
726252236,commercial,commercial,13.0497966,77.5074369,POINT (77.5074369 13.0497966),12
726258430,commercial,commercial,13.049670800000001,77.50792879999999,POINT (77.50792879999999 13.0496708),12
726267854,commercial,commercial,13.0494732,77.5079365,POINT (77.5079365 13.0494732),12
726281395,commercial,commercial,13.049238800000001,77.50825809999999,POINT (77.50825809999999 13.0492388),12
726295827,commercial,commercial,13.0492589,77.5075198,POINT (77.5075198 13.0492589),12
726300797,commercial,commercial,13.0490998,77.5075267,POINT (77.5075267 13.0490998),12
726305433,commercial,commercial,13.0489963,77.5075198,POINT (77.5075198 13.0489963),12
726311051,commercial,commercial,13.0488995,77.5074705,POINT (77.5074705 13.0488995),12
726320193,commercial,commercial,13.048649300000001,77.5074985,POINT (77.5074985 13.0486493),12
726327937,commercial,commercial,13.0485902,77.50769090000001,POINT (77.50769090000001 13.0485902),12
726339983,commercial,commercial,13.0484259,77.5075623,POINT (77.5075623 13.0484259),12
726342145,commercial,commercial,13.048319000000001,77.5080361,POINT (77.5080361 13.048319),12
726342370,commercial,commercial,13.0481726,77.50809620000001,POINT (77.50809620000001 13.0481726),12
726342803,commercial,commercial,13.048192,77.5084888,POINT (77.50848879999999 13.048192),12
726343143,commercial,commercial,13.0479093,77.50811540000001,POINT (77.50811540000001 13.0479093),12
726361856,commercial,commercial,13.047880699999999,77.5077984,POINT (77.5077984 13.0478807),12
726370714,commercial,commercial,13.0480556,77.5077399,POINT (77.5077399 13.0480556),12
726377812,commercial,commercial,13.0480569,77.50742,POINT (77.50742 13.0480569),12
726381620,commercial,commercial,13.0479269,77.50716379999999,POINT (77.50716379999999 13.0479269),12
726382298,commercial,commercial,13.047677400000001,77.50815899999999,POINT (77.50815899999999 13.0476774),12
726382750,commercial,commercial,13.047529199999998,77.5081224,POINT (77.5081224 13.0475292),12
726383319,commercial,commercial,13.0474368,77.5082319,POINT (77.5082319 13.0474368),12
726418146,commercial,commercial,13.047055300000002,77.5077819,POINT (77.5077819 13.0470553),12
726429187,commercial,commercial,13.046863,77.5077537,POINT (77.50775369999999 13.046863),12
726440923,commercial,commercial,13.0466993,77.5076682,POINT (77.5076682 13.0466993),12
726451264,commercial,commercial,13.0468397,77.50714649999999,POINT (77.50714649999999 13.0468397),12
726458484,commercial,commercial,13.0464716,77.5075811,POINT (77.5075811 13.0464716),12
726463883,commercial,commercial,13.0986759,77.59734279999999,POINT (77.59734279999999 13.0986759),0
726467430,commercial,commercial,13.0463802,77.5074115,POINT (77.5074115 13.0463802),12
726484474,commercial,commercial,13.0458512,77.5071304,POINT (77.50713039999999 13.0458512),12
726506894,commercial,commercial,13.098493099999999,77.5977928,POINT (77.59779279999999 13.0984931),0
726508921,commercial,commercial,13.095597300000001,77.5973231,POINT (77.5973231 13.0955973),0
299706900,commercial,industrial,12.9155826,77.5855282,POINT (77.5855282 12.9155826),36
313854313,commercial,industrial,12.9330438,77.60206840000001,POINT (77.60206840000001 12.9330438),35
335370089,commercial,industrial,12.910911,77.6062672,POINT (77.6062672 12.910911),36
352838124,commercial,industrial,12.9347397,77.5016442,POINT (77.5016442 12.9347397),2
396834639,commercial,industrial,12.979826300000001,77.5933782,POINT (77.5933782 12.9798263),25
396853230,commercial,industrial,12.983417,77.5927183,POINT (77.5927183 12.983417),25
439877818,commercial,industrial,12.876914999999999,77.64524,POINT (77.64524 12.876915),14
439881032,commercial,industrial,12.877056199999998,77.64495840000001,POINT (77.64495840000001 12.8770562),14
439881033,commercial,industrial,12.8772588,77.6449825,POINT (77.6449825 12.8772588),14
439881034,commercial,industrial,12.876861400000001,77.6449061,POINT (77.6449061 12.8768614),14
439886369,commercial,industrial,12.8769673,77.6445427,POINT (77.6445427 12.8769673),14
439886370,commercial,industrial,12.877600099999999,77.64495040000001,POINT (77.64495040000001 12.8776001),14
439886371,commercial,industrial,12.878578,77.64423149999999,POINT (77.64423149999999 12.878578),14
458212471,commercial,industrial,12.9545091,77.5450297,POINT (77.5450297 12.9545091),8
668040791,commercial,industrial,12.995592,77.7002602,POINT (77.7002602 12.995592),19
668040792,commercial,industrial,12.995676300000001,77.69982519999999,POINT (77.69982519999999 12.9956763),19
674393094,commercial,industrial,12.951669099999998,77.53876740000001,POINT (77.53876740000001 12.9516691),8
674393096,commercial,industrial,12.952525900000001,77.5401769,POINT (77.54017690000001 12.9525259),8
674393099,commercial,industrial,12.9521602,77.5397368,POINT (77.5397368 12.9521602),8
674393101,commercial,industrial,12.951672,77.53931290000001,POINT (77.53931290000001 12.951672),8
674393103,commercial,industrial,12.9520183,77.538965,POINT (77.538965 12.9520183),8
674393106,commercial,industrial,12.9526019,77.5387276,POINT (77.5387276 12.9526019),8
674393108,commercial,industrial,12.9523398,77.53923540000001,POINT (77.53923540000001 12.9523398),8
674393111,commercial,industrial,12.9520759,77.5392725,POINT (77.5392725 12.9520759),8
690196186,commercial,industrial,12.990891900000001,77.7055936,POINT (77.7055936 12.9908919),19
690196187,commercial,industrial,12.9899621,77.7050037,POINT (77.70500370000001 12.9899621),19
31853147,commercial,office,12.936454800000002,77.61189250000001,POINT (77.61189250000001 12.9364548),35
52244628,commercial,office,12.9662144,77.5885542,POINT (77.5885542 12.9662144),18
83070745,commercial,office,12.9945296,77.7053949,POINT (77.7053949 12.9945296),19
100071024,commercial,office,12.924938099999999,77.6818234,POINT (77.6818234 12.9249381),34
105322121,commercial,office,12.950090300000001,77.641712,POINT (77.641712 12.9500903),43
105322158,commercial,office,12.9512469,77.640934,POINT (77.640934 12.9512469),43
109125568,commercial,office,13.043572300000001,77.6198845,POINT (77.6198845 13.0435723),1
109125571,commercial,office,13.0468867,77.6204193,POINT (77.62041929999999 13.0468867),1
109125573,commercial,office,13.045822900000001,77.6201925,POINT (77.6201925 13.0458229),1
111833872,commercial,office,12.9354378,77.6124138,POINT (77.6124138 12.9354378),35
119924857,commercial,office,12.951052800000001,77.6442217,POINT (77.6442217 12.9510528),43
122146920,commercial,office,12.9629369,77.7178903,POINT (77.71789029999999 12.9629369),24
122146925,commercial,office,12.9629742,77.7177066,POINT (77.7177066 12.9629742),24
122153764,commercial,office,12.9274171,77.6817135,POINT (77.6817135 12.9274171),34
122153768,commercial,office,12.926806599999999,77.6818041,POINT (77.68180409999999 12.9268066),34
122483864,commercial,office,12.9836356,77.7302883,POINT (77.7302883 12.9836356),32
122483866,commercial,office,12.9840189,77.729506,POINT (77.729506 12.9840189),32
122483867,commercial,office,12.9835054,77.7310334,POINT (77.7310334 12.9835054),32
122668436,commercial,office,12.975083999999999,77.717621,POINT (77.71762099999999 12.975084),46
122668437,commercial,office,12.974060699999999,77.7207949,POINT (77.7207949 12.9740607),46
122668464,commercial,office,12.9756038,77.71759300000001,POINT (77.71759300000001 12.9756038),46
122668470,commercial,office,12.9739735,77.7185099,POINT (77.7185099 12.9739735),46
122668479,commercial,office,12.9839127,77.7331622,POINT (77.7331622 12.9839127),32
122701314,commercial,office,12.9738684,77.7276157,POINT (77.7276157 12.9738684),46
122738028,commercial,office,12.9920102,77.70348100000001,POINT (77.70348100000001 12.9920102),19
122738030,commercial,office,12.992832199999999,77.70363409999999,POINT (77.70363409999999 12.9928322),19
123613245,commercial,office,12.967781500000001,77.7166026,POINT (77.7166026 12.9677815),24
130510408,commercial,office,12.9857375,77.7347208,POINT (77.73472080000001 12.9857375),32
130510409,commercial,office,12.985444099999999,77.73648829999999,POINT (77.73648829999999 12.9854441),32
133633850,commercial,office,12.9364932,77.6124632,POINT (77.61246319999999 12.9364932),35
141500477,commercial,office,12.965309199999998,77.59850329999999,POINT (77.59850329999999 12.9653092),33
143368254,commercial,office,12.964337800000001,77.5863238,POINT (77.5863238 12.9643378),18
143368256,commercial,office,12.964728,77.5866919,POINT (77.58669190000001 12.964728),18
146202213,commercial,office,12.958826,77.65094479999999,POINT (77.65094479999999 12.958826),50
149418898,commercial,office,13.014803,77.55592920000001,POINT (77.55592920000001 13.014803),10
150212370,commercial,office,12.983432800000001,77.73688220000001,POINT (77.73688220000001 12.9834328),32
150797674,commercial,office,12.978763800000001,77.57981290000001,POINT (77.57981290000001 12.9787638),22
159766762,commercial,office,12.984538800000001,77.7426888,POINT (77.7426888 12.9845388),32
159766764,commercial,office,12.9859919,77.743605,POINT (77.743605 12.9859919),32
159766766,commercial,office,12.9861186,77.74302309999999,POINT (77.74302309999999 12.9861186),32
159766770,commercial,office,12.9844032,77.74345079999999,POINT (77.74345079999999 12.9844032),32
159766772,commercial,office,12.9850475,77.7437741,POINT (77.7437741 12.9850475),32
159766775,commercial,office,12.985911900000001,77.7442477,POINT (77.7442477 12.9859119),32
159766777,commercial,office,12.9851638,77.7427818,POINT (77.7427818 12.9851638),32
160194064,commercial,office,12.983767599999998,77.59230790000001,POINT (77.59230790000001 12.9837676),25
164044984,commercial,office,12.9142243,77.6232716,POINT (77.6232716 12.9142243),29
164083862,commercial,office,12.960137800000002,77.6495078,POINT (77.64950779999999 12.9601378),50
164210879,commercial,office,12.9286849,77.6327735,POINT (77.6327735 12.9286849),27
164210881,commercial,office,12.928959800000001,77.6327969,POINT (77.6327969 12.9289598),27
164570814,commercial,office,12.935077099999999,77.6302815,POINT (77.6302815 12.9350771),27
164729248,commercial,office,12.969265400000001,77.6473645,POINT (77.64736449999999 12.9692654),39
169075109,commercial,office,12.920266999999999,77.62180440000002,POINT (77.62180440000002 12.920267),29
169075110,commercial,office,12.9204535,77.6212422,POINT (77.6212422 12.9204535),29
174496298,commercial,office,12.96614,77.5963031,POINT (77.5963031 12.96614),33
181331918,commercial,office,12.9798311,77.7253585,POINT (77.7253585 12.9798311),47
181464981,commercial,office,12.979942699999999,77.723888,POINT (77.723888 12.9799427),47
181464982,commercial,office,12.975310400000001,77.72086379999999,POINT (77.72086379999999 12.9753104),46
181464984,commercial,office,12.9800361,77.72438259999998,POINT (77.72438259999998 12.9800361),47
181464991,commercial,office,12.9794377,77.7237608,POINT (77.72376079999999 12.9794377),47
181464992,commercial,office,12.9757094,77.7202805,POINT (77.7202805 12.9757094),46
181464995,commercial,office,12.9792929,77.72438290000001,POINT (77.72438290000001 12.9792929),47
181464996,commercial,office,12.9758615,77.720687,POINT (77.720687 12.9758615),46
181464998,commercial,office,12.979654400000001,77.724376,POINT (77.72437600000001 12.9796544),47
181466422,commercial,office,12.9760668,77.717762,POINT (77.71776199999999 12.9760668),46
182038134,commercial,office,12.9856364,77.74010200000001,POINT (77.74010200000001 12.9856364),32
182038135,commercial,office,12.9864993,77.74019820000001,POINT (77.74019820000001 12.9864993),32
191346566,commercial,office,12.9236136,77.68055749999999,POINT (77.68055749999999 12.9236136),34
191346569,commercial,office,12.9210343,77.68191879999999,POINT (77.68191879999999 12.9210343),34
201986088,commercial,office,12.978503,77.6633605,POINT (77.6633605 12.978503),17
201986089,commercial,office,12.9782984,77.6648564,POINT (77.66485640000001 12.9782984),17
201986090,commercial,office,12.9795604,77.6635431,POINT (77.6635431 12.9795604),17
202289063,commercial,office,12.9847707,77.5805739,POINT (77.5805739 12.9847707),22
207900363,commercial,office,12.978665699999999,77.6659897,POINT (77.6659897 12.9786657),17
207901098,commercial,office,12.9747176,77.6048445,POINT (77.6048445 12.9747176),48
208960328,commercial,office,13.0485189,77.6209874,POINT (77.6209874 13.0485189),1
208960417,commercial,office,13.048760699999999,77.6201212,POINT (77.6201212 13.0487607),1
208960418,commercial,office,13.049538499999999,77.6212344,POINT (77.62123440000001 13.0495385),1
208960801,commercial,office,13.0497927,77.6204521,POINT (77.62045209999999 13.0497927),1
216228233,commercial,office,12.946004400000001,77.57342990000001,POINT (77.57342990000001 12.9460044),23
221933635,commercial,office,12.9429461,77.69207929999999,POINT (77.69207929999999 12.9429461),41
226934052,commercial,office,12.9323087,77.6844135,POINT (77.68441350000001 12.9323087),44
232973309,commercial,office,12.936059,77.69460190000001,POINT (77.69460190000001 12.936059),45
232973998,commercial,office,12.937043199999998,77.6917205,POINT (77.6917205 12.9370432),45
232974761,commercial,office,12.9369556,77.690538,POINT (77.690538 12.9369556),45
233255150,commercial,office,12.9127837,77.6843935,POINT (77.6843935 12.9127837),30
233329603,commercial,office,12.914809,77.68630809999999,POINT (77.68630809999999 12.914809),31
233329604,commercial,office,12.914750199999999,77.6871169,POINT (77.68711690000001 12.9147502),31
233329605,commercial,office,12.9142041,77.686926,POINT (77.686926 12.9142041),31
233329606,commercial,office,12.9150146,77.68675350000001,POINT (77.68675350000001 12.9150146),31
233329607,commercial,office,12.9138416,77.6863422,POINT (77.6863422 12.9138416),31
233330178,commercial,office,12.913651199999999,77.68516640000001,POINT (77.68516640000001 12.9136512),31
243932087,commercial,office,12.9059044,77.59479420000001,POINT (77.59479420000001 12.9059044),36
259160040,commercial,office,12.8873091,77.611551,POINT (77.61155100000001 12.8873091),3
260996471,commercial,office,13.0502718,77.6233696,POINT (77.6233696 13.0502718),1
291096459,commercial,office,12.932201,77.6861522,POINT (77.6861522 12.932201),44
313817138,commercial,office,12.981634399999999,77.63856,POINT (77.63856 12.9816344),40
317760348,commercial,office,12.9261394,77.62310040000001,POINT (77.62310040000001 12.9261394),27
327553591,commercial,office,12.974185499999999,77.6053069,POINT (77.6053069 12.9741855),48
327553599,commercial,office,12.9741908,77.6049918,POINT (77.60499179999999 12.9741908),48
327553601,commercial,office,12.9743736,77.6050276,POINT (77.6050276 12.9743736),48
345917712,commercial,office,12.9445097,77.6294072,POINT (77.6294072 12.9445097),27
346453498,commercial,office,12.975708099999999,77.6400504,POINT (77.64005040000001 12.9757081),39
347111178,commercial,office,12.9586642,77.57070159999999,POINT (77.57070159999999 12.9586642),23
347188730,commercial,office,12.933883999999999,77.61476390000001,POINT (77.61476390000001 12.933884),35
351424362,commercial,office,12.9402925,77.5423963,POINT (77.54239629999999 12.9402925),8
466082614,commercial,office,12.941738699999998,77.69077340000001,POINT (77.69077340000001 12.9417387),41
466082617,commercial,office,12.942187599999999,77.69314490000001,POINT (77.69314490000001 12.9421876),41
466082618,commercial,office,12.9420316,77.69391800000001,POINT (77.69391800000001 12.9420316),41
466082619,commercial,office,12.9421521,77.69470129999999,POINT (77.69470129999999 12.9421521),41
684552231,commercial,office,12.924582199999998,77.59953890000001,POINT (77.59953890000001 12.9245822),35
716594118,commercial,office,12.9315371,77.6910128,POINT (77.6910128 12.9315371),44
716594119,commercial,office,12.9312854,77.6922913,POINT (77.69229129999999 12.9312854),44
716594120,commercial,office,12.9306922,77.69207490000001,POINT (77.69207490000001 12.9306922),44
41748510,commercial,retail,12.9661418,77.7178693,POINT (77.7178693 12.9661418),24
107241566,commercial,retail,12.973464300000002,77.611292,POINT (77.61129200000001 12.9734643),49
124394941,commercial,retail,12.9869427,77.73647790000001,POINT (77.73647790000001 12.9869427),32
133117494,commercial,retail,13.0109892,77.5551105,POINT (77.5551105 13.0109892),10
133355000,commercial,retail,12.9586436,77.6567676,POINT (77.65676759999999 12.9586436),51
141502108,commercial,retail,12.972242,77.6066165,POINT (77.6066165 12.972242),49
147558630,commercial,retail,12.9733933,77.6203677,POINT (77.6203677 12.9733933),42
164570820,commercial,retail,12.938105499999999,77.6276157,POINT (77.62761570000001 12.9381055),27
210617181,commercial,retail,12.9119317,77.6828364,POINT (77.6828364 12.9119317),30
319385961,commercial,retail,12.975217,77.6055449,POINT (77.6055449 12.975217),48
330038930,commercial,retail,12.9788134,77.6365699,POINT (77.6365699 12.9788134),40
330038932,commercial,retail,12.978965800000001,77.63655859999999,POINT (77.63655859999999 12.9789658),40
330038937,commercial,retail,12.978368099999999,77.6362828,POINT (77.6362828 12.9783681),40
330038938,commercial,retail,12.978402099999998,77.63652049999999,POINT (77.63652049999999 12.9784021),40
331338691,commercial,retail,12.9784074,77.63535490000001,POINT (77.63535490000001 12.9784074),40
346164281,commercial,retail,12.985190199999998,77.667956,POINT (77.667956 12.9851902),17
347489172,commercial,retail,12.9898211,77.55453359999998,POINT (77.55453359999998 12.9898211),10
403081765,commercial,retail,12.8930749,77.56631170000001,POINT (77.56631170000001 12.8930749),5
431602275,commercial,retail,12.9521084,77.64336,POINT (77.64336 12.9521084),43
681174096,commercial,retail,12.8832797,77.6067707,POINT (77.6067707 12.8832797),3
681174097,commercial,retail,12.8831906,77.6074747,POINT (77.6074747 12.8831906),3
549266174,commercial,supermarket,12.9480905,77.56869549999999,POINT (77.56869549999999 12.9480905),23
180964752,commercial,warehouse,12.975257000000001,77.7239288,POINT (77.7239288 12.975257),46
180964753,commercial,warehouse,12.9752414,77.7242882,POINT (77.7242882 12.9752414),46
180964755,commercial,warehouse,12.9742811,77.7236755,POINT (77.7236755 12.9742811),46
180964756,commercial,warehouse,12.9752623,77.7235694,POINT (77.7235694 12.9752623),46
296153942,commercial,warehouse,12.9206853,77.6668286,POINT (77.6668286 12.9206853),21
364740190,commercial,warehouse,12.9891344,77.7672354,POINT (77.7672354 12.9891344),16
364740191,commercial,warehouse,12.9892128,77.768437,POINT (77.76843700000001 12.9892128),16
364740192,commercial,warehouse,12.987942599999998,77.7685175,POINT (77.7685175 12.9879426),16
364740193,commercial,warehouse,12.987937400000002,77.76887690000001,POINT (77.76887690000001 12.9879374),16
364740195,commercial,warehouse,12.9866776,77.76893050000001,POINT (77.76893050000001 12.9866776),16
364740196,commercial,warehouse,12.987989599999999,77.76929,POINT (77.76929 12.9879896),16
364740197,commercial,warehouse,12.9866985,77.7693651,POINT (77.7693651 12.9866985),16
364740198,commercial,warehouse,12.9891815,77.7680187,POINT (77.7680187 12.9891815),16
364740199,commercial,warehouse,12.987874699999999,77.76731590000001,POINT (77.76731590000001 12.9878747),16
364740200,commercial,warehouse,12.986656800000002,77.7686034,POINT (77.7686034 12.9866568),16
364740201,commercial,warehouse,12.986614900000001,77.76785229999999,POINT (77.76785229999999 12.9866149),16
364740202,commercial,warehouse,12.987890400000001,77.76775040000001,POINT (77.76775040000001 12.9878904),16
364740203,commercial,warehouse,12.9892129,77.7687911,POINT (77.7687911 12.9892129),16
364740204,commercial,warehouse,12.989160499999999,77.7676593,POINT (77.76765930000001 12.9891605),16
364740205,commercial,warehouse,12.9866254,77.7682063,POINT (77.7682063 12.9866254),16
364740206,commercial,warehouse,12.9879113,77.76812059999999,POINT (77.76812059999999 12.9879113),16
364740207,commercial,warehouse,12.9892442,77.7692042,POINT (77.7692042 12.9892442),16
440070557,commercial,warehouse,12.9047151,77.6422517,POINT (77.6422517 12.9047151),29
676038916,commercial,warehouse,13.0062695,77.6658431,POINT (77.6658431 13.0062695),15
676038917,commercial,warehouse,13.007753999999998,77.66521,POINT (77.66521 13.007754),15
676038918,commercial,warehouse,13.008524900000001,77.6642203,POINT (77.6642203 13.0085249),15
676038919,commercial,warehouse,13.0064047,77.664366,POINT (77.664366 13.0064047),15
